thr/proc,seq,mp,mp_tasks,mpi
1,0.00128735,0.00143276,0.00145596,0
2,0.00127596,0.00155907,0.0015915,0.135204
3,0.00127703,0.00160017,0.00163278,0.151544
4,0.00127979,0.00165966,0.00170788,0.159763
5,0.00128508,0.00171038,0.00186096,0.167031
